value_band,player_id,start_value,uncapped_terminal,capped_terminal,pct_reduction,first_step_unchanged,distortion_class
€1-5M,33,1300000.0,624685.0,624685.0,0.0,True,NONE
€1-5M,38,3000000.0,1734305.0,2110372.0,-0.2168,False,NONE
€1-5M,312,3500000.0,933448.0,933448.0,0.0,True,NONE
€1-5M,3281,4000000.0,942629.0,942629.0,0.0,True,NONE
€5-10M,3327,5000000.0,1834683.0,2381439.0,-0.298,False,NONE
€5-10M,3418,5000000.0,3642744.0,3642744.0,0.0,True,NONE
€5-10M,3563,8000000.0,4110497.0,4110497.0,0.0,True,NONE
€5-10M,3576,6000000.0,1760822.0,1760822.0,0.0,True,NONE
€10-25M,118,10000000.0,2900182.0,2900182.0,0.0,True,NONE
€10-25M,1720,10000000.0,2749164.0,2749164.0,0.0,True,NONE
€10-25M,1720,10000000.0,4978981.0,4978981.0,0.0,True,NONE
€10-25M,3282,10000000.0,6978297.0,6978297.0,0.0,True,NONE
€25-50M,3429,30000000.0,30000000.0,30000000.0,0.0,True,NONE
€25-50M,3429,28000000.0,21110290.0,21110290.0,0.0,True,NONE
€25-50M,3682,25000000.0,21074100.0,21074100.0,0.0,True,NONE
€25-50M,4892,25000000.0,6972802.0,6972802.0,0.0,True,NONE
€50M+,286390,60000000.0,45643462.0,45643462.0,0.0,True,NONE
€50M+,339789,50000000.0,41865282.0,41865282.0,0.0,True,NONE
€50M+,353833,180000000.0,180000000.0,180000000.0,0.0,True,NONE
€50M+,360981,50000000.0,37892954.0,37892954.0,0.0,True,NONE
