player_id,decision_date,reference_milestone,number_of_variants,number_agreeing,agreement_rate,most_common_alternative,stability_class
547496,2024-06-07,TEAM_UP,5,3,0.6,O10,PARTIALLY STABLE
470747,2024-06-07,P2500,5,4,0.8,O15,STABLE
86298,2024-06-24,P500,5,4,0.8,O15,STABLE
631404,2024-06-07,P2500,5,3,0.6,P2000,PARTIALLY STABLE
493295,2024-06-07,,5,5,1.0,,STABLE
353833,2024-06-03,,5,5,1.0,,STABLE
247141,2024-06-07,,5,5,1.0,,STABLE
770398,2024-06-07,P2500,5,4,0.8,O10,STABLE
475709,2024-06-07,TEAM_UP,5,3,0.6,,PARTIALLY STABLE
344059,2024-06-07,,5,5,1.0,,STABLE
3963,2024-06-07,P2500,5,3,0.6,P500,PARTIALLY STABLE
626130,2024-06-07,STARTER,5,4,0.8,,STABLE
599551,2024-06-07,,5,5,1.0,,STABLE
364005,2024-06-07,,5,5,1.0,,STABLE
6369,2024-03-29,P1500,5,4,0.8,O15,STABLE
617894,2024-06-07,,5,5,1.0,,STABLE
