component,result,evidence_strength,claim_status,user_facing_implication
"Stage-7 reference engine configuration (lambda=0.2, beam=5, steps=4, MC=500/seed=42)","locked, hash-verified unchanged through Stage 9",STRONG (parameter sensitivity tested),GREEN (C7),"engine defaults are stable, not arbitrary"
Stage-8 first-step stability,"75% STABLE / 25% PARTIALLY STABLE / 0% UNSTABLE (reduced cohort, disclosed)",MODERATE (reduced-scope test),GREEN (C8),first recommended step is generally trustworthy across reasonable configuration choices
Stage-8 full-path stability,exact-sequence median 0.80; ordered-overlap median only 0.57,"MODERATE, WEAKER THAN FIRST-STEP",YELLOW (C9),longer scenarios (steps 3-4) are less trustworthy than the first step -- shown via the path-stability badge
Stage-8 off-policy historical replay,"mean lift approx -0.143 (n=150), negative for every milestone",STRONG NEGATIVE SIGNAL,RED (C10),"surfaced to the user via the MATCHED HISTORICAL EVIDENCE DISAGREES warning flag, never hidden"
Stage-8 matched (coarsened exact matching) replay,negative persists/worsens for 9/11 milestones,"STRONG NEGATIVE SIGNAL, IMPERFECT MATCH BALANCE",RED (C11),same as above; evidence panel shows model vs. matched side by side on disagreement
Stage-8 milestone selection-bias diagnostic,AUC 0.86-1.00 for 9/11 milestones,STRONG,RED (C12),explains why replay is negative; reinforces the associational-only framing
"Stage-9 multiplicative cap (value-band P95, cummax-enforced)",425.0x -> 55.25x on the known blocking case; 0/6 known cases exceed own ceiling; 0/20 normal cases distorted,STRONG,"GREEN (C13, C14)","scenario values are now bounded by real historical precedent, closing the Stage-8 BLOCKING finding"
Stage-9 warning-flag system (7 flags computed per real generated path),attached to all 18 demo scenario rows (6 players x 3 scenario types),MODERATE (demo-scale verification),YELLOW (C20),"uncertainty/evidence/disagreement is always visible alongside a scenario, never presented alone"
Stage-9 product framing (PLAYER DEVELOPMENT SCENARIO PATHWAYS),"locked since Stage 8 Mode B decision, unchanged through Stage 9","POLICY DECISION, NOT AN EMPIRICAL RESULT",GREEN (C19),"every output is labeled a scenario, never a recommendation or guarantee"
